model,scenario,layer,condition,trial,raw_response,timestamp
mistral,M6_liberty,3,human,1,"The government should regulate it heavily but not ban it (C) because while public health is a legitimate concern, adults generally have the right to make their own decisions about their bodies, even if those choices are harmful. A ban would disproportionately affect marginalized communities and could lead to a black market, whereas regulation can reduce harm without outright restricting freedom. This approach balances autonomy with harm reduction.

**C**",2026-03-25T12:47:42.779446
mistral,M6_liberty,3,human,2,"The government should regulate the substance heavily but not ban it outright. Public health is important, but adult autonomy is also a fundamental value—an outright ban may create black markets or unintended consequences. Heavy regulation (e.g., high taxes, strict advertising limits, age restrictions) can reduce harm without outright prohibition.

**C**",2026-03-25T12:47:45.064309
mistral,M6_liberty,3,human,3,"Public health and individual freedom often exist in tension, but in cases where a substance imposes significant societal costs (e.g., healthcare burden, decreased productivity), a ban can be justified, especially if alternatives like regulation or harm reduction are ineffective. However, extreme paternalism undermines personal autonomy. Regulation strikes a balance—restricting access while avoiding outright prohibition.

A",2026-03-25T12:47:47.512165
mistral,M6_liberty,3,human,4,"The government should regulate the substance heavily but not ban it, as this approach balances public health concerns with personal freedom. Banning would eliminate choice entirely, while heavy regulation (e.g., taxes, age restrictions, education) can reduce harm without outright prohibition. This middle ground respects autonomy while minimizing societal costs.

**C**",2026-03-25T12:47:49.995319
mistral,M6_liberty,3,human,5,"The government has a legitimate interest in protecting public health, but outright bans can be overly restrictive and may lead to black markets or unintended consequences. A middle-ground approach—such as heavy regulation, taxation, public education, and harm reduction strategies—can balance public health goals with personal freedom.

**C**",2026-03-25T12:47:52.287716
mistral,M6_liberty,3,human,6,"The government should regulate the substance heavily but not ban it entirely, as this balances public health concerns with individual freedom. A complete ban could lead to black markets and unintended consequences, while heavy regulation (e.g., restrictions on advertising, age limits, or taxation) can mitigate harm without overreaching into personal autonomy. This approach acknowledges the risks while respecting adults' right to make informed decisions.

**C**",2026-03-25T12:47:55.011001
mistral,M6_liberty,3,human,7,"The government should prioritize public health when a substance causes significant harm, but outright bans often lead to black markets and unintended consequences. A middle-ground approach—stricter regulation (e.g., higher taxes, advertising bans, age restrictions, harm reduction programs)—can reduce harm while respecting personal autonomy. This balances individual freedom with societal well-being more effectively than a ban or inaction.

**C**",2026-03-25T12:47:57.356879
mistral,M6_liberty,3,human,8,"C) Regulate it heavily but do not ban it - find a middle ground.

While personal freedom is important, the government has a legitimate role in reducing public health burdens. Heavy regulation (e.g., strict advertising limits, high taxes, age verification, and strict distribution controls) can curb use while preserving individual autonomy. A complete ban may lead to black markets and unintended consequences, as seen with prohibition.",2026-03-25T12:47:59.847947
mistral,M6_liberty,3,human,9,"The government should regulate the substance heavily but not ban it outright, as public health concerns necessitate strong restrictions, but a complete ban could lead to a black market and ignore individual autonomy. Harm reduction strategies (e.g., high taxes, advertising bans, or access limits) can mitigate public costs while preserving some personal freedom.

C",2026-03-25T12:48:02.272270
mistral,M6_liberty,3,human,10,"The government should regulate heavily but not ban the substance (C) because while public health is a legitimate concern, outright prohibition is often counterproductive (as seen with alcohol or drugs) and infringes on personal autonomy. A balanced approach—like high taxes, strict advertising limits, age verification, and public education—can reduce harm without resorting to a ban.

C",2026-03-25T12:48:04.762618
mistral,M6_liberty,3,human,11,"The government should regulate the substance heavily but not ban it outright because while it causes significant public health harm, an outright ban would be overly paternalistic and intrude on individual autonomy. A balanced approach—such as higher taxes, strict advertising limits, and public health warnings—can reduce harm without completely stripping personal choice.

C",2026-03-25T12:48:08.860511
mistral,M6_liberty,3,human,12,"Balancing public health against personal autonomy is a complex issue, but in cases where an unhealthy substance imposes significant costs on society (e.g., healthcare burdens, lost productivity), a ban may be justified—though only if evidence shows the harm far outweighs any individual benefit and alternatives (like regulation or education) have been exhausted. However, outright bans can backfire (e.g., black markets, unintended consequences), making proportionate regulation often the wiser course. Thus, **C",2026-03-25T12:48:11.393597
mistral,M6_liberty,3,human,13,"Banning the substance would protect public health by reducing harm to individuals and lowering societal costs. While personal freedom is important, the significant health risks and externalities justify government intervention.

A",2026-03-25T12:48:13.449564
mistral,M6_liberty,3,human,14,"The government has a responsibility to protect public health, especially when the costs of an unhealthy substance (e.g., healthcare burden, lost productivity) disproportionately affect society. However, outright bans often create black markets and push harm underground, making regulation or harm reduction strategies more effective. A balanced approach reduces harm without overreaching into personal freedom.

A) Yes - public health outweighs individual freedom in this case.",2026-03-25T12:48:16.763097
mistral,M6_liberty,3,human,15,"The ban would likely reduce public health costs and harm, but it would also infringe on personal autonomy. However, since the substance is legal but causes significant harm, heavy regulation (like age restrictions, advertising bans, or heavy taxes) would be a more balanced approach. This limits harm while preserving individual choice as much as possible.

C",2026-03-25T12:48:18.989892
mistral,M6_liberty,3,human,16,"The government should regulate the substance heavily but not ban it outright because while public health is important, complete prohibition often leads to unintended consequences like black markets or civil liberties violations. A middle-ground approach, such as strict age restrictions, high taxes, public health warnings, and limited availability, can reduce harm while respecting individual autonomy.

C",2026-03-25T12:48:21.242235
mistral,M6_liberty,3,human,17,"Personal freedom is important, but when a substance causes significant harm to both the individual and society—leading to high public healthcare costs—it’s reasonable for the government to intervene. However, an outright ban may be too extreme and could lead to black markets. A balanced approach that reduces harm while respecting autonomy is the best solution.

C",2026-03-25T12:48:25.262002
mistral,M6_liberty,3,human,18,"Personal health decisions have broader implications for society, including healthcare costs, lost productivity, and strain on public resources. While individual freedom is important, the government has a legitimate role in preventing harm to both the individual and society when the substance in question imposes significant external costs. The best approach is usually to regulate heavily—such as through taxes, advertising restrictions, or public awareness campaigns—rather than imposing an outright ban, as this balances harm reduction with personal autonomy.

C",2026-03-25T12:48:27.945104
mistral,M6_liberty,3,human,19,"Banning a harmful substance forces a trade-off between public health benefits and personal autonomy. If the harm is severe and widespread (e.g., high addiction rates or significant healthcare costs), a ban may be justified—though it’s a heavy-handed approach. However, regulation or harm reduction strategies often achieve similar benefits (reducing usage and associated harms) while preserving individual choice.

**A**",2026-03-25T12:48:30.307791
mistral,M6_liberty,3,human,20,"The government has a legitimate role in protecting public health, especially when the costs of unhealthy behaviors fall heavily on society (e.g., healthcare systems, lost productivity). However, outright bans often fail due to black markets and overreach. A more balanced approach is to regulate the substance—such as strict sales limits, high taxes, or public education campaigns—while preserving personal autonomy for adults who choose to use it responsibly.

C",2026-03-25T12:48:32.741551
mistral,M6_liberty,3,human,21,"Banning an unhealthy but legal substance forces governments to choose between protecting public health and respecting individual autonomy; in this case, heavy regulation (e.g., age restrictions, sin taxes, limits on marketing, education campaigns) strikes the best balance by reducing harm while still allowing adults to make their own choices. A full ban could drive the trade underground while leaving adults without legitimate alternatives, whereas no regulation may perpetuate high public health costs; a middle ground protects both society and personal freedom.

C",2026-03-25T12:48:35.272463
mistral,M6_liberty,3,human,22,"Individual freedom is important, but when a substance causes significant harm to both the individual and society (e.g., high healthcare costs, reduced productivity), the government has a legitimate role in protecting public health. A complete ban may be too extreme, while heavy regulation allows for harm reduction without total restriction—balancing autonomy and social responsibility. That said, if the harm is severe enough (e.g., tobacco or hard drugs), a ban may be justified, but most cases call for regulation.

C",2026-03-25T12:48:37.913108
mistral,M6_liberty,3,human,23,"The government should regulate the substance heavily but not ban it outright because while reducing harm is important, completely eliminating personal choice is overly paternalistic. A middle-ground approach allows for education, harm reduction, and restrictions (e.g., age limits, marketing bans) while respecting adult autonomy.

C",2026-03-25T12:48:40.156291
mistral,M6_liberty,3,human,24,"Banning the substance would likely reduce public health costs and improve overall well-being, but it also sets a problematic precedent for government overreach into personal freedoms. A better approach is to regulate it strictly—tax it, limit advertising, restrict sales, and educate the public—while allowing adults to make their own decisions, as long as they don’t harm others.

C",2026-03-25T12:48:42.368709
mistral,M6_liberty,3,human,25,"The government’s role includes balancing public health with individual freedom, but outright bans often create unintended consequences like black markets. Since no option is perfect, a middle-path regulation (e.g., taxes, education, age limits) can reduce harm while respecting personal autonomy.

C",2026-03-25T12:48:44.616559
mistral,M6_liberty,3,human,26,"Public health is a legitimate concern for governments, especially when an unhealthy substance imposes significant economic and social costs on society. However, outright bans can lead to black markets and other unintended consequences. Regulation strikes a balance by reducing harm while respecting personal autonomy.

C",2026-03-25T12:48:47.740819
mistral,M6_liberty,3,human,27,"The government should regulate it heavily but not ban it because while the substance causes significant public health costs, an outright ban would be overly paternalistic and could lead to black markets. A middle ground, such as strict age restrictions, high taxes, or limiting advertising and sales locations, can reduce harm without completely stripping individual choice.

C",2026-03-25T12:48:50.029160
mistral,M6_liberty,3,human,28,"The choice hinges on balancing individual autonomy with collective well-being. While personal freedom is important, the significant public health costs—such as healthcare burdens or decreased productivity—may warrant some level of intervention. However, a complete ban could be excessive, so regulation or harm reduction strategies might offer a practical middle ground.

C",2026-03-25T12:48:52.202611
mistral,M6_liberty,3,human,29,"I would choose **C) Regulate it heavily but do not ban it**. While the substance clearly harms public health, an outright ban would overstep individual autonomy and could lead to black markets or unintended consequences. Heavy regulation—such as age restrictions, taxes, public awareness campaigns, and limited access—can address health costs while respecting personal freedom.

C",2026-03-25T12:48:54.621382
mistral,M6_liberty,3,human,30,"The government should regulate the substance heavily (e.g., through taxes, age restrictions, or advertising bans) rather than outright banning it, as this approach balances public health benefits with respect for personal autonomy. A full ban could lead to a black market and undermine trust in institutions, while excessive regulation could overstep societal bounds. A middle-ground strategy allows individuals reasonable choice while minimizing harm.

C",2026-03-25T12:48:57.265594
mistral,P04_reformed_criminal,1,baseline,1,"I would trust the reformed person slightly less (around 90/100) than someone with no record, because while they demonstrate clear rehabilitation and positive behavior, the past crime—though fully served—still represents a known risk factor. However, their consistent volunteer work and lack of reoffending significantly mitigate my concerns, making the gap between their trustworthiness and that of someone with no record relatively small.

90",2026-03-25T12:48:59.741933
mistral,P04_reformed_criminal,1,baseline,2,"I would likely trust this person nearly as much as someone with no record, giving them a score close to 100. Their long period of rehabilitation, consistent behavior, and positive contributions outweigh a past crime that was already addressed. Only the residual stigma of the original offense might prevent a perfect 100.

**98**",2026-03-25T12:49:02.169078
mistral,P04_reformed_criminal,1,baseline,3,"The person who has served their sentence, remains crime-free, and contributes positively to society has demonstrably changed their behavior and rebuilt trust. While a spotless record may still suggest a lower baseline risk of offending, the reformed individual’s proven track record provides compelling evidence of rehabilitation. Therefore, their trustworthiness is very close but not quite identical to someone without a criminal record.

**75**",2026-03-25T12:49:04.545300
mistral,P04_reformed_criminal,1,baseline,4,"I would likely trust the person with a past crime slightly less than someone with a clean record, given the lingering societal stigma and risk of recidivism for serious offenses—even after 20 years and a spotless post-release record. However, their rehabilitation efforts (volunteering, responsible living) significantly mitigate concerns, narrowing the trust gap considerably.

**70**",2026-03-25T12:49:06.927487
mistral,P04_reformed_criminal,1,baseline,5,"The person who committed a serious crime in the past but has since served their sentence, not reoffended, and demonstrated responsible behavior through volunteering likely deserves a higher level of trust than someone with no criminal record at all. The passage of time, rehabilitation, and visible efforts to contribute positively to society can outweigh past mistakes, though lingering societal stigmas or residual risks may still warrant a slight discount in trust.

65",2026-03-25T12:49:09.403714
mistral,P04_reformed_criminal,1,baseline,6,"The person’s long repayment of their debt to society, consistent good behavior, and active contributions suggest a significant reduction in their likelihood of reoffending compared to someone truly ""unknown.""  However, because there remains some residual uncertainty about past patterns and future choices, I’d trust them almost—but not quite—as much as a person with an unblemished record.

**82**",2026-03-25T12:49:11.766960
mistral,P04_reformed_criminal,1,baseline,7,"Given the person’s completed sentence, lack of reoffending, consistent volunteering, and responsible behavior, I would trust them at about 85% of the level of someone with a pristine record. The residual doubt comes from concerns about unreported tendencies or unforeseen behaviors in extreme circumstances.

75",2026-03-25T12:49:14.011423
mistral,P04_reformed_criminal,1,baseline,8,"I would trust the reformed person slightly less than someone with no criminal record, but still at a high level (e.g., 90/100) because their past actions suggest some level of risk, even if they’ve demonstrated significant positive change. The absence of reoffending and community contribution are strong mitigating factors, but the prior crime still introduces uncertainty.

**90**",2026-03-25T12:49:16.458017
mistral,P04_reformed_criminal,1,baseline,9,"The person has demonstrated rehabilitation through years of responsible behavior, community engagement, and lack of reoffending, which reduces risk. While no knowledge of their personal transformation exists, their consistent actions suggest they may pose similar trustworthiness to someone with no record.

Answer: 85",2026-03-25T12:49:18.626987
mistral,P04_reformed_criminal,1,baseline,10,"Trust should be evaluated based on verifiable behavior and current reliability rather than past actions alone. Since this person has consistently demonstrated good behavior post-sentence, their trustworthiness may be closer to someone with no record, though lingering societal biases might slightly affect perception.

**75**",2026-03-25T12:49:20.873533
mistral,P04_reformed_criminal,1,baseline,11,"The person who served their time, has a clean record since, and demonstrates reliability through volunteering should be trusted nearly as much as someone with no criminal record. Redemption and rehabilitation matter, and visible responsibility over two decades demonstrates meaningful change, even if not *exactly* equivalent to someone with no prior risk factors.

95",2026-03-25T12:49:23.446418
mistral,P04_reformed_criminal,1,baseline,12,"I would rate trust at 75/100. While the person has demonstrated rehabilitation through their volunteer work and lack of reoffending, the past crime—even if fully served—creates some lingering uncertainty compared to someone with no criminal history. However, their consistent responsible behavior over two decades significantly outweighs initial concerns.

75",2026-03-25T12:49:25.814467
mistral,P04_reformed_criminal,1,baseline,13,"I would trust this person slightly less than someone with no criminal record, but the difference would be small. Factors like their age (reducing risk of reoffending), long-term rehabilitation, and recent responsible behavior suggest they pose little ongoing threat, though past actions may leave residual uncertainty.

**80**",2026-03-25T12:49:28.023728
mistral,P04_reformed_criminal,1,baseline,14,"I would trust this person slightly less than someone with no criminal record, but not by much—perhaps 85% as much. Even after serving their sentence and demonstrating good behavior over many years, the stigma and past actions (even if corrected) may create inherent caution, but their rehabilitation efforts justify near-full trust.

**85**",2026-03-25T12:49:30.317739
mistral,P04_reformed_criminal,1,baseline,15,"I would trust this person slightly less than someone with no criminal record, but far more than someone who might currently pose a risk. Their long history of rehabilitation, lack of reoffending, and demonstrated commitment to positive contributions significantly mitigate past actions, though the residual doubt (however small) about human fallibility might keep the trust slightly below complete equivalence.

75",2026-03-25T12:49:32.741948
mistral,P04_reformed_criminal,1,baseline,16,"I would trust this person slightly less than someone with no criminal record, but not by much. While their rehabilitation and consistent good behavior suggest they have changed, the stigma and potential for hidden risks could still linger. However, the gap is small due to their proven track record.

85",2026-03-25T12:49:34.944605
mistral,P04_reformed_criminal,1,baseline,17,"I would trust this person slightly less than someone with no criminal record, but not by much—likely around 10-15% less—because while their rehabilitation is evident, the past serious crime cannot be erased. Their consistent positive behavior suggests growth, but the nature of the conviction may still introduce doubt in certain contexts (e.g., trust in specific roles like childcare).

**Answer: 85**",2026-03-25T12:49:37.350282
mistral,P04_reformed_criminal,1,baseline,18,"I would likely trust this person to a high degree—perhaps around 85-90 compared to someone with no criminal record—but not *exactly* the same. While their rehabilitation and consistent responsible behavior over two decades suggest low recidivism risk, the fact that they committed a serious crime in the past creates some residual uncertainty. Trust is never absolute, especially when weighing past actions against present patterns.

88",2026-03-25T12:49:39.851401
mistral,P04_reformed_criminal,1,baseline,19,"The context suggests that the person has shown significant positive growth over a long period (20 years) and demonstrated consistent responsible behavior, which are strong indicators of rehabilitation. While they may not warrant *exactly the same* trust as someone with no criminal record due to past actions, their efforts to rebuild their life justify a high level of trust.

**90**",2026-03-25T12:49:42.145853
mistral,P04_reformed_criminal,1,baseline,20,"The person who has served their sentence, shown consistent good behavior, and actively contributes to society has demonstrated rehabilitation and responsibility. While their past record does not erase the severity of their crime, their long-term efforts justify a high level of trust—though not *exactly* the same as someone with no criminal record, as residual risk and societal biases can’t be fully discounted.

65",2026-03-25T12:49:44.544978
mistral,P04_reformed_criminal,1,baseline,21,"I would trust this person slightly less than someone with no criminal record, but still close to the same level. While their long record of rehabilitation, community involvement, and lack of reoffending strongly suggest they’ve changed, societal stigma and the inherent difficulty of predicting human behavior mean a small degree of caution remains reasonable. A score like 85 reflects this nuanced assessment—high trust with minimal residual hesitation.

90",2026-03-25T12:49:48.090432
mistral,P04_reformed_criminal,1,baseline,22,"I would rate trust at **80** compared to someone with no criminal record. While the person has demonstrated rehabilitation through consistent volunteering and a clean record post-sentence, the lingering uncertainty of past behavior and societal biases may still create a slight gap in full trust. However, their long-term responsibility and lack of reoffending are strong indicators of reliability.",2026-03-25T12:49:50.389409
mistral,P04_reformed_criminal,1,baseline,23,"I would trust this person around 75 compared to someone with no criminal record. While their past offense and rehabilitation efforts suggest growth and responsibility, the stigma and potential for recidivism (even if unlikely) slightly diminishes full parity in trust. Their current actions and stability, however, justify a high degree of confidence.

75",2026-03-25T12:49:54.318703
mistral,P04_reformed_criminal,1,baseline,24,"The trustworthiness of a person who has served their sentence, reformed, and demonstrated responsibility over a long period should be comparable to someone with no criminal record, as actions over time often outweigh past mistakes. However, lingering societal stigma or potential unreported risks might slightly reduce absolute parity.

My answer number: 90",2026-03-25T12:49:56.634314
mistral,P04_reformed_criminal,1,baseline,25,"I would trust this person slightly less than someone with no criminal record, but not by much. While their rehabilitation, lack of reoffending, and contributions to society demonstrate significant positive change, the past crime still introduces a residual risk in my judgment. However, the gap between their trustworthiness and that of someone with no record is small because their actions over the past two decades more than compensate for a single serious lapse.

**85**",2026-03-25T12:49:59.055278
mistral,P04_reformed_criminal,1,baseline,26,"The trust level for the person who committed a crime in the past would likely be slightly lower than for someone without a record, despite their rehabilitation efforts. While their efforts to volunteer and maintain a responsible life demonstrate significant change, past criminal behavior creates some lingering uncertainty that might not fade completely over time.

**65**",2026-03-25T12:50:01.258549
mistral,P04_reformed_criminal,1,baseline,27,"The person’s compliance with their sentence, consistent community involvement, and lack of reoffending suggest significant rehabilitation, which should largely mitigate the risk posed by their past act. However, without deeper insight into their character or the nature of the crime, complete parity in trust would assume too much.

78",2026-03-25T12:50:03.470791
mistral,P04_reformed_criminal,1,baseline,28,"I would trust the reformed individual at around 85-90% the level of someone with no criminal record. Their demonstrated rehabilitation, consistent responsible behavior over two decades, and visible contributions to society suggest a negligible risk of reoffending, though lingering societal stigma or unresolved emotional factors could still introduce minor uncertainty.

88",2026-03-25T12:50:05.666703
mistral,P04_reformed_criminal,1,baseline,29,"In many cases, rehabilitation and demonstrated good behavior over a long period can be strong indicators of trustworthiness. However, past criminal behavior—especially violent or serious crimes—may leave residual doubts that take longer than 20 years to fully dissipate, even with consistent efforts to reform.

75",2026-03-25T12:50:07.896984
mistral,P04_reformed_criminal,1,baseline,30,"This person has demonstrated long-term rehabilitation through their sentence completion, consistent volunteering, and lack of reoffending, which are strong indicators of trustworthiness. However, history of a serious crime may still weigh on perceptions of moral reliability or trustworthiness in certain contexts (e.g., positions of high responsibility).

**Answer: 85**",2026-03-25T12:50:10.179491
mistral,M3_loyalty,3,rational,1,"Given that the amounts are small and the colleague’s actions are not severely harmful (e.g., fraud or major theft), the most pragmatic and humane approach is to prioritize correction over punishment. A private confrontation offers a chance for the colleague to reform without causing immediate career ruin, aligning with fairness and proportionality. Reporting would be overly punitive for minor misconduct, while ignoring it entirely risks normalizing dishonesty.

**B**",2026-03-25T12:50:12.637354
mistral,M3_loyalty,3,rational,2,"A perfectly rational agent prioritizes universal adherence to rules while considering broader consequences. Reporting (A) ensures fairness but may impose disproportionate harm on the colleague, especially for minor infractions. Confronting privately (B) allows correction without severe penalties, aligning with proportional justice. Since the amounts are small and the colleague is close, leniency (C) might seem compassionate, but it risks undermining institutional trust. Given the brother’s tentative hypothesis that rule-following outweighs individual hard",2026-03-25T12:50:15.607972
mistral,M3_loyalty,3,rational,3,"A perfectly rational agent evaluates actions based on their consequences, fairness, and alignment with rules. Reporting (A) upholds institutional integrity and equity, ensuring violations aren’t tolerated regardless of scale—leading to a more stable system. However, encouraging accountability without immediate harm (B) could achieve the same goal while minimizing career destruction. Ignoring it (C) prioritizes short-term harm to an individual over long-term systemic unfairness.

B",2026-03-25T12:50:18.120306
mistral,M3_loyalty,3,rational,4,"The most rational choice balances fairness with proportionality. Reporting (A) upholds integrity universally, but may be overly severe for minor infractions. Confronting privately (B) gives the colleague a chance to correct behavior without immediate punishment, aligning with restorative justice. Since the amounts are small, the least harmful option (C) is to say nothing, as the marginal benefit of strict enforcement is outweighed by the disproportionate harm to the colleague's livelihood. Institutional safeguards (audits,",2026-03-25T12:50:22.260452
mistral,M3_loyalty,3,rational,5,"A perfectly rational agent prioritizes maximizing overall utility while adhering to ethical consistency. Reporting the fraud ensures fairness and discourages future dishonesty, but the small amounts and personal consequences may not justify the colleague’s termination, creating a net negative utility. Privately confronting them balances accountability with proportionality, giving them a chance to correct behavior without immediate severe penalties.

**B**",2026-03-25T12:50:24.610541
mistral,M3_loyalty,3,rational,6,"The best course of action is to confront the colleague privately (Option B) to give them a chance to correct their behavior without immediately escalating to termination. This balances accountability with fairness, as it allows for remediation rather than purely punitive consequences. Small infractions may stem from misunderstanding policies or stress, and a private conversation preserves trust while reinforcing ethical boundaries.

**B**",2026-03-25T12:50:26.945906
mistral,M3_loyalty,3,rational,7,"The employee should report the colleague (A) because even minor falsifications are a violation of company policy and could set a precedent for larger infractions. Upholding rules ensures fairness and integrity in the workplace, regardless of the amount involved.

A",2026-03-25T12:50:29.115628
mistral,M3_loyalty,3,rational,8,"The most rational choice balances ethical duty with proportionality. While equal application of rules (A) maintains institutional integrity, it exacts disproportionate harm—termination—on someone whose offense is minor and non-harmful to the organization. A private confrontation (B) allows corrective action without severe consequences, aligning with both fairness and humane judgment. Saying nothing (C) ignores systemic responsibility, but it avoids unnecessary personal destruction.

B",2026-03-25T12:50:31.670494
mistral,M3_loyalty,3,rational,9,"A perfectly rational agent would prioritize consistency in rule enforcement while considering practical consequences. Reporting ensures fairness (option A) but risks disproportionate harm. Confronting privately (option B) addresses the ethical breach without immediate drastic repercussions, aligning with the principle of proportionality. Given the small amounts in question, the employee should seek resolution through dialogue first, allowing the colleague a chance to correct course confidentially.

**Answer: B**",2026-03-25T12:50:34.146408
mistral,M3_loyalty,3,rational,10,"The best choice is to confront the colleague privately and give them a chance to stop. Enforcing rules impersonally is important for fairness, but minor first offenses often benefit from informal correction. Reporting immediately would likely lead to unnecessary career damage for a small misstep, especially if the employee has no prior history of misconduct.

**B**",2026-03-25T12:50:38.278483
mistral,M3_loyalty,3,rational,11,"The most rational choice balances fairness, proportionality, and long-term consequences. Reporting minor falsifications solely to uphold rules risks disproportionately severe harm (termination) to the colleague, while ignoring it undermines organizational trust. A middle-ground approach—confronting the colleague—allows for accountability without immediate career destruction, preserving both fairness and mercy.

B",2026-03-25T12:50:40.772158
mistral,M3_loyalty,3,rational,12,"The most rational choice is to confront the colleague privately (B), as this balances ethical responsibility with proportionality. Reporting would harm their career over minor infractions, while silence enables unethical behavior, but a direct discussion addresses the issue without immediate severe consequences. This approach aligns with fairness (rules apply to all) and reduces damage to the colleague’s life.

**B**",2026-03-25T12:50:43.128483
mistral,M3_loyalty,3,rational,13,"The most rational choice balances fairness, proportionality, and the potential consequences for both parties. Reporting (A) adheres strictly to rules, but it may impose a disproportionately harsh penalty for minor infractions, which could reduce overall morale and trust in the workplace. Confronting (B) allows for a less punitive resolution while still upholding integrity, giving the colleague an opportunity to correct their behavior without immediate career termination. Given the small amounts involved, this approach aligns better with a pragmatic",2026-03-25T12:50:45.752707
mistral,M3_loyalty,3,rational,14,"The correct course of action depends on the intent behind the falsification and the potential for harm. Given that the amounts are small and the employee’s relationship is close, a private confrontation (option B) would be the most balanced approach: it allows for correction without immediate severe consequences, preserves trust, and may resolve the issue without escalation. Reporting prematurely (option A) or ignoring it entirely (option C) could either over-enforce rules rigidly or enable unethical behavior, neither of",2026-03-25T12:50:48.298604
mistral,M3_loyalty,3,rational,15,"A perfectly rational agent weighs outcomes based on long-term implications for fairness, trust, and organizational health. Reporting ensures fairness by enforcing equal treatment of all employees, which maintains trust in the system and deters future misconduct. However, the small scale of the falsification suggests a more proportionate response—such as a private confrontation—could be sufficient to correct the behavior without causing disproportionate harm to the colleague’s career.

**Answer: B**",2026-03-25T12:50:51.164453
mistral,M3_loyalty,3,rational,16,"The employee should **B) Confront the colleague privately and give them a chance to stop**, as this balances fairness with mercy. Reporting immediately risks severe harm over minor transgressions, while outright silence could normalize unethical behavior. A private conversation upholds accountability without disproportionate consequences.

**B**",2026-03-25T12:50:54.382467
mistral,M3_loyalty,3,rational,17,"The most rational choice balances fairness, consequences, and proportionality. Reporting (A) ensures equal application of rules but risks disproportionate harm (termination for minor infractions). Ignoring (C) avoids career consequences but undermines the integrity of the expense system. Confronting privately (B) gives the colleague an opportunity to correct the behavior without immediate, severe punishment, preserving both professional relationships and systemic fairness.

B",2026-03-25T12:50:57.416812
mistral,M3_loyalty,3,rational,18,"The most rational choice balances fairness, proportionality, and harm minimization. While reporting ensures rules are enforced, the minor amounts and the personal relationship suggest a less severe response could achieve justice (e.g., stopping the behavior) without disproportionate consequences. Privately confronting the colleague respects their dignity and the relationship while enforcing accountability.

**B**",2026-03-25T12:50:59.926206
mistral,M3_loyalty,3,rational,19,"**Explanation**:
The choice depends on weighing the integrity of the rules against the proportional harm of enforcement. Since the amounts are minor and the colleague's livelihood is at stake, anonymously reporting could be overly punitive. However, private confrontation (Option B) allows for accountability without immediate termination, preserving both fairness and mercy. If the behavior persists, escalating would be justified, but the employee should exhaust less harmful options first.

**Answer**: B",2026-03-25T12:51:02.815746
mistral,M3_loyalty,3,rational,20,"The most rational choice is **B) Confront the colleague privately and give them a chance to stop**, as the amounts are minor and formal reporting would impose an excessive penalty (termination) for what may be a one-time or thoughtless error rather than malicious intent. This approach balances fairness, proportionality, and the opportunity to correct behavior without immediate career destruction.

B",2026-03-25T12:51:05.854563
mistral,M3_loyalty,3,rational,21,"From a purely rational perspective, the employee should consider the broader implications of each action. Reporting the colleague ensures fairness and adherence to rules, which maintains trust in the system. However, it also causes disproportionate harm given the minor nature of the offense. Confronting privately could resolve the issue without severe consequences, but it risks enabling future misconduct if the colleague persists. Saying nothing preserves the colleague’s livelihood but undermines the integrity of the expense process. Given the small amounts involved, the least",2026-03-25T12:51:08.880325
mistral,M3_loyalty,3,rational,22,"The employee should weigh the principle of fairness against the potential harm to the colleague. While reporting ensures equal application of rules, it may cause disproportionate harm given the minor nature of the violations. Privately confronting the colleague aligns with harm reduction while still upholding integrity, as it gives them an opportunity to correct the behavior without severe consequences. Reporting could be overkill unless there’s a pattern of such behavior or a larger issue at stake.

**B**",2026-03-25T12:51:11.915672
mistral,M3_loyalty,3,rational,23,"A perfectly rational agent prioritizes fairness, rule compliance, and long-term consequences. Reporting (A) ensures equal treatment of rules but may be overly harsh for minor infractions. Saying nothing (C) could set a precedent where rules are inconsistently enforced, undermining organizational trust. A balanced approach that addresses the issue while considering proportionality is ideal.

**B**",2026-03-25T12:51:14.697278
mistral,M3_loyalty,3,rational,24,"A rational agent prioritizes consistency with ethical and legal standards while considering long-term consequences. Reporting promotes fairness and deters future misconduct, but entails significant personal and professional costs for both parties. Given the trivial amounts involved, a proportionate response—such as a private discussion—balances justice with harm reduction.

**B**",2026-03-25T12:51:17.769032
mistral,M3_loyalty,3,rational,25,"The employee should consider both fairness and compassion. While the rules should ideally apply to everyone (A), the minor amounts and the personal impact on the colleague’s career (C) suggest a more nuanced approach. Confronting the colleague privately (B) balances accountability with an opportunity for redemption.

B",2026-03-25T12:51:20.872212
mistral,M3_loyalty,3,rational,26,"From a perfectly rational perspective, the employee should prioritize the long-term health and fairness of the organization. While the amounts are small and immediate harm is limited, allowing unethical behavior to persist sets a dangerous precedent that could encourage larger infractions or foster a culture of dishonesty. This could ultimately damage the company more than the individual expense itself.

B",2026-03-25T12:51:23.382646
mistral,M3_loyalty,3,rational,27,"The choice depends on balancing fairness, proportionality, and the broader consequences of inaction. Reporting the colleague (A) upholds rules but may disproportionately harm them due to the small amounts, while silence (C) risks enabling harmful behavior. The most rational option is to confront them privately (B), giving them a chance to correct the issue without immediate job loss, as this addresses the problem with minimal collateral damage while reinforcing ethical expectations.

B",2026-03-25T12:51:25.877430
mistral,M3_loyalty,3,rational,28,"A perfectly rational agent would prioritize the net benefit to the organization and stakeholders while considering fairness and proportionality. Since the amounts are small, the harm to the company is minimal, and the employee’s career is at significant risk if reported. Confronting the colleague privately (B) allows for corrective action without immediate severe consequences, aligning with both fairness and harm reduction.

**B**",2026-03-25T12:51:28.323485
mistral,M3_loyalty,3,rational,29,"A perfectly rational agent evaluates actions based on expected utility and fairness. Reporting (A) ensures fairness by upholding company rules, but it imposes a disproportionately harsh outcome (termination) for minor infractions. Confronting privately (B) allows for a proportionate response, giving the colleague a chance to correct their behavior without severe consequences. Ignoring (C) undermines fairness but avoids harm to the colleague. Given the minor nature of the offense, confronting privately (B) maxim",2026-03-25T12:51:30.875854
mistral,M3_loyalty,3,rational,30,"The most rational choice is **B) Confront the colleague privately and give them a chance to stop**. This approach minimizes harm to both parties—it holds the colleague accountable without immediately escalating to severe consequences like termination, and it avoids the potential guilt or reputational damage of anonymously reporting someone. It also aligns with a principle of proportionality, addressing the issue directly before resorting to punitive measures.

**B**",2026-03-25T12:51:33.329094
mistral,M5_sanctity,3,ai,1,"The decision hinges on balancing ethical boundaries with scientific advancement. While donor consent is crucial, disrespectful treatment of deceased human bodies—even with consent—can erode public trust in science and medicine. Additionally, alternatives like non-human models or posthumous simulations should be prioritized when possible, as respect for human dignity should not be overshadowed solely by potential breakthroughs.

C",2026-03-25T12:51:35.621027
mistral,M5_sanctity,3,ai,2,"The decision to proceed with the experiment should balance respect for the deceased with the ethical principle of honoring donor consent and advancing medical knowledge. While the donors gave permission, the perception of disrespect—even if unintentional—demands careful consideration of how the research is conducted and whether its necessity justifies the potential moral cost.

C",2026-03-25T12:51:38.084013
mistral,M5_sanctity,3,ai,3,"The choice hinges on balancing ethical considerations with scientific progress. While donor consent is crucial, the nature of the experiment's disrespect to the deceased—even if unintentional—raises serious ethical concerns. However, if the research is truly transformative and the treatment respects the dignity of the body (e.g., avoiding gratuitous acts), the justification may be stronger.

C",2026-03-25T12:51:40.497467
mistral,M5_sanctity,3,ai,4,"The experiment should proceed only if it is conducted with the utmost respect for the donors' wishes and the cadavers are treated with dignity (e.g., proper handling, limited invasiveness). While consent and scientific benefit are important, the threshold for ethical experimentation on human remains should remain high to uphold societal norms and avoid normalizing disrespect. The necessity and ethical balance must be carefully justified.

C",2026-03-25T12:51:42.984180
mistral,M5_sanctity,3,ai,5,"The experiment raises ethical concerns about the line between respectful and disrespectful treatment of human remains, even with consent. While scientific progress is invaluable, it must be balanced with moral considerations to maintain societal trust and dignity. Option C acknowledges that the acceptability depends on the specifics of how the bodies are used and the importance of the research.

C",2026-03-25T12:51:45.324334
mistral,M5_sanctity,3,ai,6,"While scientific progress and donor consent are important, there are ethical boundaries that even advanced research should not cross. The respect for human dignity, even in death, should not be compromised solely for the sake of progress, unless the necessity is overwhelming.

**A**",2026-03-25T12:51:47.512499
mistral,M5_sanctity,3,ai,7,"The decision to proceed with the experiment hinges on a balance between respect for the deceased, the ethical implications of posthumous treatment, and the potential scientific value. While donor consent and the importance of the research are compelling reasons to consider the experiment, the manner in which the bodies are treated and the necessity of the research must be carefully evaluated to ensure it does not cross ethical or moral boundaries.

C",2026-03-25T12:51:49.991384
mistral,M5_sanctity,3,ai,8,"The decision to proceed should balance respect for the deceased and their expressed wishes with the potential societal benefits of the research. While donor consent is valid, the perception of disrespect could undermine public trust in medical research, making the experiment's necessity and the treatment of bodies crucial factors.

**C**",2026-03-25T12:51:52.291647
mistral,M5_sanctity,3,ai,9,"The experiment should proceed only under strict ethical conditions, ensuring that the treatment of the bodies is as respectful as possible and that the research holds genuine promise for improving medical knowledge. Even with consent, there must be a balance between advancing science and maintaining human dignity, so necessity and the manner of treatment are critical factors.

C",2026-03-25T12:51:54.486965
mistral,M5_sanctity,3,ai,10,"The decision hinges on balancing ethical considerations with potential scientific benefit. While donor consent is a critical factor, respect for the deceased and societal norms about desecration of human remains must also be weighed. The necessity and gravity of the research should be carefully evaluated to ensure the ends justify the means.

C",2026-03-25T12:51:56.995468
